model,family,accuracy,balanced_accuracy,precision_macro,recall_macro,f1_macro
Traditional best,Traditional,0.7194208686969545,0.2976967853845823,0.35231137852090655,0.2976967853845823,0.31672509537489263
TTA+Ensemble,Deep,0.9261477045908184,0.9142843716614208,0.8938397581254724,0.9142843716614208,0.901590598554614
