overlap_group,n,avg_deep_confidence,pct_of_common
both_correct,677,0.9647428690546529,0.6756487025948104
traditional_wrong_deep_correct,251,0.9024508159760957,0.250499001996008
traditional_correct_deep_wrong,32,0.7419595746875001,0.031936127744510975
both_wrong,42,0.7325262985714286,0.041916167664670656
