class,n_support_vectors,sv_distribution_pct,n_train_samples,sv_ratio_vs_train_pct
akiec,1137,9.359565360553178,262,433.96946564885496
bcc,1765,14.5291405992756,411,429.4403892944039
bkl,2810,23.131379650971358,879,319.6814562002275
df,544,4.478103391504774,92,591.3043478260869
mel,2490,20.49720118538031,890,279.7752808988764
nv,2761,22.72802107342773,5364,51.47278150633855
vasc,641,5.276588738887059,114,562.280701754386
